Workbook

Sheet Code ONU
A1: Pays ONU | B1: Code ONU | C1: ISO3 Alpha-code | D1: Nom Pays | E1: Region OLF
A2: Afghanistan | B2: 4 | C2: AFG | D2: Afghanistan | E2: Asie
A3: Albania | B3: 8 | C3: ALB | D3: Albanie | E3: Europe centrale et orientale
A4: Algeria | B4: 12 | C4: DZA | D4: Algérie | E4: Afrique du Nord
A5: American Samoa | B5: 16 | C5: ASM | D5: Samoa américaines | E5: Océanie
A6: Andorra | B6: 20 | C6: AND | D6: Andorre | E6: Europe occidentale
A7: Angola | B7: 24 | C7: AGO | D7: Angola | E7: Afrique centrale
A8: Anguilla | B8: 660 | C8: AIA | D8: Anguilla | E8: Caraïbes
A9: Antigua and Barbuda | B9: 28 | C9: ATG | D9: Antigua-et-Barbuda | E9: Caraïbes
A10: Argentina | B10: 32 | C10: ARG | D10: Argentine | E10: Amériques
A11: Armenia | B11: 51 | C11: ARM | D11: Arménie | E11: Moyen-Orient
A12: Aruba | B12: 533 | C12: ABW | D12: Aruba | E12: Caraïbes
A13: Australia | B13: 36 | C13: AUS | D13: Australie | E13: Océanie
... A231: Zimbabwe | B231: 716 | C231: ZWE | D231: Zimbabwe | E231: Afrique de l'Est

Sheet Nombre francophones
A1: Pays | B1: Région | C1: Code ISO | D1: Année | E1: Poulation en milliers | F1: Nombre Francophones en milliers | G1: Pourcentage de Francophones
A2: Albanie | B2: =VLOOKUP(C2,'Code ONU'!$C$1:$E$231,3,FALSE) -> Europe centrale et orientale | C2: ALB | D2: 2025 | E2: 2771.5075 | F2: 28.749 | G2: 0.0104
A3: Algérie | B3: =VLOOKUP(C3,'Code ONU'!$C$1:$E$231,3,FALSE) -> Afrique du Nord | C3: DZA | D3: 2025 | E3: 47435.312 | F3: 15589.056 | G3: 0.3286
A4: Allemagne | B4: =VLOOKUP(C4,'Code ONU'!$C$1:$E$231,3,FALSE) -> Europe occidentale | C4: DEU | D4: 2025 | E4: 84075.075 | F4: 14527.367 | G4: 0.1728
A5: Andorre | B5: =VLOOKUP(C5,'Code ONU'!$C$1:$E$231,3,FALSE) -> Europe occidentale | C5: AND | D5: 2025 | E5: 82.9045 | F5: 58.133 | G5: 0.7012
A6: Arménie | B6: =VLOOKUP(C6,'Code ONU'!$C$1:$E$231,3,FALSE) -> Moyen-Orient | C6: ARM | D6: 2025 | E6: 2952.3645 | F6: 4.724 | G6: 0.0016
A7: Autriche | B7: =VLOOKUP(C7,'Code ONU'!$C$1:$E$231,3,FALSE) -> Europe occidentale | C7: AUT | D7: 2025 | E7: 9113.574 | F7: 916.379 | G7: 0.1006
A8: Belgique | B8: =VLOOKUP(C8,'Code ONU'!$C$1:$E$231,3,FALSE) -> Europe occidentale | C8: BEL | D8: 2025 | E8: 11758.603 | F8: 9061.923 | G8: 0.7707
A9: Bénin | B9: =VLOOKUP(C9,'Code ONU'!$C$1:$E$231,3,FALSE) -> Afrique de l'Ouest | C9: BEN | D9: 2025 | E9: 14814.46 | F9: 4992.009 | G9: 0.337
A10: Bosnie-Herzégovine | B10: =VLOOKUP(C10,'Code ONU'!$C$1:$E$231,3,FALSE) -> Europe centrale et orientale | C10: BIH | D10: 2025 | E10: 3140.0955 | F10: 24.013 | G10: 0.0076
A11: Bulgarie | B11: =VLOOKUP(C11,'Code ONU'!$C$1:$E$231,3,FALSE) -> Europe centrale et orientale | C11: BGR | D11: 2025 | E11: 6714.5595 | F11: 129.709 | G11: 0.0193
A12: Burkina Faso | B12: =VLOOKUP(C12,'Code ONU'!$C$1:$E$231,3,FALSE) -> Afrique de l'Ouest | C12: BFA | D12: 2025 | E12: 24074.58 | F12: 5499.253 | G12: 0.2284
A13: Burundi | B13: =VLOOKUP(C13,'Code ONU'!$C$1:$E$231,3,FALSE) -> Afrique de l'Est | C13: BDI | D13: 2025 | E13: 14390.003 | F13: 1249.675 | G13: 0.0868
... A348: Chypre | B348: =VLOOKUP(C348,'Code ONU'!$C$1:$E$231,3,FALSE) -> Moyen-Orient | C348: CYP | D348: 2018 | E348: 1263 | F348: 83 | G348: 0.065716548
A349: Colombie | B349: =VLOOKUP(C349,'Code ONU'!$C$1:$E$231,3,FALSE) -> Amériques | C349: COL | D349: 2018 | E349: 48560 | G349: 0
A350: Comores | B350: =VLOOKUP(C350,'Code ONU'!$C$1:$E$231,3,FALSE) -> Afrique australe et Océan Indien | C350: COM | D350: 2018 | E350: 764 | F350: 198 | G350: 0.2591623
A351: Congo | B351: =VLOOKUP(C351,'Code ONU'!$C$1:$E$231,3,FALSE) -> Afrique centrale | C351: COG | D351: 2018 | E351: 5416 | F351: 3192 | G351: 0.58936484
A352: Congo (République démocratique du) | B352: =VLOOKUP(C352,'Code ONU'!$C$1:$E$231,3,FALSE) -> Afrique centrale | C352: COD | D352: 2018 | E352: 88613 | F352: 44866 | G352: 0.50631397
A353: Costa Rica | B353: =VLOOKUP(C353,'Code ONU'!$C$1:$E$231,3,FALSE) -> Amériques | C353: CRI | D353: 2018 | E353: 4936 | F353: 5 | G353: 0.001012966
A354: Côte d’Ivoire | B354: =VLOOKUP(C354,'Code ONU'!$C$1:$E$231,3,FALSE) -> Afrique de l'Ouest | C354: CIV | D354: 2018 | E354: 27100 | F354: 8987 | G354: 0.33162362
A355: Croatie | B355: =VLOOKUP(C355,'Code ONU'!$C$1:$E$231,3,FALSE) -> Europe centrale et orientale | C355: HRV | D355: 2018 | E355: 4047 | F355: 95 | G355: 0.023474178
A356: Danemark | B356: =VLOOKUP(C356,'Code ONU'!$C$1:$E$231,3,FALSE) -> Europe occidentale | C356: DNK | D356: 2018 | E356: 5781 | F356: 434 | G356: 0.075073517
A357: Djibouti | B357: =VLOOKUP(C357,'Code ONU'!$C$1:$E$231,3,FALSE) -> Afrique de l'Est | C357: DJI | D357: 2018 | E357: 1063 | F357: 532 | G357: 0.50047037
A358: Dominique | B358: =VLOOKUP(C358,'Code ONU'!$C$1:$E$231,3,FALSE) -> Caraïbes | C358: DMA | D358: 2018 | E358: 68 | F358: 7 | G358: 0.10294118
A359: Égypte | B359: =VLOOKUP(C359,'Code ONU'!$C$1:$E$231,3,FALSE) -> Afrique du Nord | C359: EGY | D359: 2018 | E359: 104717 | F359: 3161 | G359: 0.030186121
A360: Émirats arabes unis | B360: =VLOOKUP(C360,'Code ONU'!$C$1:$E$231,3,FALSE) -> Moyen-Orient | C360: ARE | D360: 2018 | E360: 9296 | F360: 244 | G360: 0.026247849
A361: Espagne | B361: =VLOOKUP(C361,'Code ONU'!$C$1:$E$231,3,FALSE) -> Europe occidentale | C361: ESP | D361: 2018 | E361: 46952 | F361: 5509 | G361: 0.11733259
... A367: Gabon | B367: =VLOOKUP(C367,'Code ONU'!$C$1:$E$231,3,FALSE) -> Afrique centrale | C367: GAB | D367: 2018 | E367: 2185 | F367: 1445 | G367: 0.66132723
A368: Gambie | B368: =VLOOKUP(C368,'Code ONU'!$C$1:$E$231,3,FALSE) -> Afrique de l'Ouest | C368: GMB | D368: 2018 | E368: 2371 | G368: 0
A369: Géorgie | B369: =VLOOKUP(C369,'Code ONU'!$C$1:$E$231,3,FALSE) -> Moyen-Orient | C369: GEO | D369: 2018 | E369: 3793 | F369: 16 | G369: 0.0042182969
A370: Ghana | B370: =VLOOKUP(C370,'Code ONU'!$C$1:$E$231,3,FALSE) -> Afrique de l'Ouest | C370: GHA | D370: 2018 | E370: 30327 | F370: 251 | G370: 0.0082764533
A371: Grèce | B371: =VLOOKUP(C371,'Code ONU'!$C$1:$E$231,3,FALSE) -> Europe occidentale | C371: GRC | D371: 2018 | E371: 10740 | F371: 774 | G371: 0.072067039
A372: Guadeloupe | B372: =VLOOKUP(C372,'Code ONU'!$C$1:$E$231,3,FALSE) -> Caraïbes | C372: GLP | D372: 2018 | E372: 418 | F372: 351 | G372: 0.83971292
A373: Guinée | B373: =VLOOKUP(C373,'Code ONU'!$C$1:$E$231,3,FALSE) -> Afrique de l'Ouest | C373: GIN | D373: 2018 | E373: 12543 | F373: 3189 | G373: 0.2542454
A374: Guinée équatoriale | B374: =VLOOKUP(C374,'Code ONU'!$C$1:$E$231,3,FALSE) -> Afrique centrale | C374: GNQ | D374: 2018 | E374: 1589 | F374: 460 | G374: 0.28949025
A375: Guinée-Bissau | B375: =VLOOKUP(C375,'Code ONU'!$C$1:$E$231,3,FALSE) -> Afrique de l'Ouest | C375: GNB | D375: 2018 | E375: 1900 | F375: 292 | G375: 0.15368421
A376: Guyane française | B376: =VLOOKUP(C376,'Code ONU'!$C$1:$E$231,3,FALSE) -> Amériques | C376: GUF | D376: 2018 | E376: 279 | F376: 173 | G376: 0.62007168
A377: Haïti | B377: =VLOOKUP(C377,'Code ONU'!$C$1:$E$231,3,FALSE) -> Caraïbes | C377: HTI | D377: 2018 | E377: 10891 | F377: 4574 | G377: 0.4199798
A378: Hongrie | B378: =VLOOKUP(C378,'Code ONU'!$C$1:$E$231,3,FALSE) -> Europe centrale et orientale | C378: HUN | D378: 2018 | E378: 9777 | F378: 115 | G378: 0.011762299
A379: Îles Wallis-et-Futuna | B379: =VLOOKUP(C379,'Code ONU'!$C$1:$E$231,3,FALSE) -> Océanie | C379: WLF | D379: 2018 | E379: 12 | F379: 10 | G379: 0.83333333
A380: Irlande | B380: =VLOOKUP(C380,'Code ONU'!$C$1:$E$231,3,FALSE) -> Europe occidentale | C380: IRL | D380: 2018 | E380: 4841 | F380: 603 | G380: 0.12456104
... A393: Martinique | B393: =VLOOKUP(C393,'Code ONU'!$C$1:$E$231,3,FALSE) -> Caraïbes | C393: MTQ | D393: 2018 | E393: 367 | F393: 297 | G393: 0.80926431
A394: Martinique | B394: =VLOOKUP(C394,'Code ONU'!$C$1:$E$231,3,FALSE) -> Caraïbes | C394: MTQ | D394: 2018 | E394: 37 | G394: 0
A395: Maurice | B395: =VLOOKUP(C395,'Code ONU'!$C$1:$E$231,3,FALSE) -> Afrique australe et Océan Indien | C395: MUS | D395: 2018 | E395: 1290 | F395: 937 | G395: 0.72635659
A396: Mauritanie | B396: =VLOOKUP(C396,'Code ONU'!$C$1:$E$231,3,FALSE) -> Afrique du Nord | C396: MRT | D396: 2018 | E396: 4273 | F396: 568 | G396: 0.13292769
A397: Mayotte | B397: =VLOOKUP(C397,'Code ONU'!$C$1:$E$231,3,FALSE) -> Afrique australe et Océan Indien | C397: MYT | D397: 2018 | E397: 269 | F397: 170 | G397: 0.63197026
A398: Mexique | B398: =VLOOKUP(C398,'Code ONU'!$C$1:$E$231,3,FALSE) -> Amériques | C398: MEX | D398: 2018 | E398: 123978 | F398: 28 | G398: 0.00022584652
A399: Moldavie | B399: =VLOOKUP(C399,'Code ONU'!$C$1:$E$231,3,FALSE) -> Europe centrale et orientale | C399: MDA | D399: 2018 | E399: 3172 | F399: 43 | G399: 0.013556116
A400: Monaco | B400: =VLOOKUP(C400,'Code ONU'!$C$1:$E$231,3,FALSE) -> Europe occidentale | C400: MCO | D400: 2018 | E400: 38 | F400: 37 | G400: 0.97368421
A401: Monténégro | B401: =VLOOKUP(C401,'Code ONU'!$C$1:$E$231,3,FALSE) -> Europe centrale et orientale | C401: MNE | D401: 2018 | E401: 618 | F401: 13 | G401: 0.021035599
A402: Mozambique | B402: =VLOOKUP(C402,'Code ONU'!$C$1:$E$231,3,FALSE) -> Afrique de l'Est | C402: MOZ | D402: 2018 | E402: 28592 | F402: 85 | G402: 0.0029728595
A403: Niger | B403: =VLOOKUP(C403,'Code ONU'!$C$1:$E$231,3,FALSE) -> Afrique de l'Ouest | C403: NER | D403: 2018 | E403: 21808 | F403: 2776 | G403: 0.12729274
A404: Norvège | B404: =VLOOKUP(C404,'Code ONU'!$C$1:$E$231,3,FALSE) -> Europe occidentale | C404: NOR | D404: 2018 | E404: 5295 | F404: 161 | G404: 0.030406043
A405: Nouvelle-Calédonie | B405: =VLOOKUP(C405,'Code ONU'!$C$1:$E$231,3,FALSE) -> Océanie | C405: NCL | D405: 2018 | E405: 284 | F405: 280 | G405: 0.98591549
A406: Paraguay | B406: =VLOOKUP(C406,'Code ONU'!$C$1:$E$231,3,FALSE) -> Amériques | C406: PRY | D406: 2018 | E406: 6383 | G406: 0
A407: Pays-Bas | B407: =VLOOKUP(C407,'Code ONU'!$C$1:$E$231,3,FALSE) -> Europe occidentale | C407: NLD | D407: 2018 | E407: 17369 | F407: 3283 | G407: 0.18901491
A408: Pologne | B408: =VLOOKUP(C408,'Code ONU'!$C$1:$E$231,3,FALSE) -> Europe centrale et orientale | C408: POL | D408: 2018 | E408: 38249 | F408: 952 | G408: 0.02488954
A409: Polynésie française | B409: =VLOOKUP(C409,'Code ONU'!$C$1:$E$231,3,FALSE) -> Océanie | C409: PYF | D409: 2018 | E409: 280 | F409: 274 | G409: 0.97857143
A410: Portugal | B410: =VLOOKUP(C410,'Code ONU'!$C$1:$E$231,3,FALSE) -> Europe occidentale | C410: PRT | D410: 2018 | E410: 10327 | F410: 2600 | G410: 0.25176721
A411: Qatar | B411: =VLOOKUP(C411,'Code ONU'!$C$1:$E$231,3,FALSE) -> Moyen-Orient | C411: QAT | D411: 2018 | E411: 2742 | F411: 117 | G411: 0.042669584
A412: République dominicaine | B412: =VLOOKUP(C412,'Code ONU'!$C$1:$E$231,3,FALSE) -> Caraïbes | C412: DOM | D412: 2018 | E412: 10725 | F412: 154 | G412: 0.014358974
A413: République tchèque | B413: =VLOOKUP(C413,'Code ONU'!$C$1:$E$231,3,FALSE) -> Europe centrale et orientale | C413: CZE | D413: 2018 | E413: 10546 | F413: 233 | G413: 0.022093685
A414: Réunion | B414: =VLOOKUP(C414,'Code ONU'!$C$1:$E$231,3,FALSE) -> Afrique australe et Océan Indien | C414: REU | D414: 2018 | E414: 856 | F414: 753 | G414: 0.8796729
A415: Roumanie | B415: =VLOOKUP(C415,'Code ONU'!$C$1:$E$231,3,FALSE) -> Europe centrale et orientale | C415: ROU | D415: 2018 | E415: 19646 | F415: 2344 | G415: 0.11931182
A416: Royaume-Uni | B416: =VLOOKUP(C416,'Code ONU'!$C$1:$E$231,3,FALSE) -> Europe occidentale | C416: GBR | D416: 2018 | E416: 66565 | F416: 10929 | G416: 0.16418538
A417: Rwanda | B417: =VLOOKUP(C417,'Code ONU'!$C$1:$E$231,3,FALSE) -> Afrique de l'Est | C417: RWA | D417: 2018 | E417: 12344 | F417: 715 | G417: 0.057922878
A418: Saint-Barthélemy | B418: =VLOOKUP(C418,'Code ONU'!$C$1:$E$231,3,FALSE) -> Caraïbes | C418: BLM | D418: 2018 | E418: 10 | G418: 0
A419: Sainte-Lucie | B419: =VLOOKUP(C419,'Code ONU'!$C$1:$E$231,3,FALSE) -> Caraïbes | C419: LCA | D419: 2018 | E419: 177 | F419: 3 | G419: 0.016949153
A420: Saint-Pierre-et-Miquelon | B420: =VLOOKUP(C420,'Code ONU'!$C$1:$E$231,3,FALSE) -> Amériques | C420: SPM | D420: 2018 | E420: 6 | F420: 6 | G420: 1
A421: Sao Tomé-et-Principe | B421: =VLOOKUP(C421,'Code ONU'!$C$1:$E$231,3,FALSE) -> Afrique centrale | C421: STP | D421: 2018 | E421: 209 | F421: 42 | G421: 0.20095694
A422: Sénégal | B422: =VLOOKUP(C422,'Code ONU'!$C$1:$E$231,3,FALSE) -> Afrique de l'Ouest | C422: SEN | D422: 2018 | E422: 15695 | F422: 4060 | G422: 0.25868111
A423: Serbie | B423: =VLOOKUP(C423,'Code ONU'!$C$1:$E$231,3,FALSE) -> Europe centrale et orientale | C423: SRB | D423: 2018 | E423: 7047 | F423: 253 | G423: 0.035901802
A424: Seychelles | B424: =VLOOKUP(C424,'Code ONU'!$C$1:$E$231,3,FALSE) -> Afrique australe et Océan Indien | C424: SYC | D424: 2018 | E424: 114 | F424: 60 | G424: 0.52631579
A425: Slovaquie | B425: =VLOOKUP(C425,'Code ONU'!$C$1:$E$231,3,FALSE) -> Europe centrale et orientale | C425: SVK | D425: 2018 | E425: 5440 | F425: 114 | G425: 0.020955882
A426: Slovénie | B426: =VLOOKUP(C426,'Code ONU'!$C$1:$E$231,3,FALSE) -> Europe centrale et orientale | C426: SVN | D426: 2018 | E426: 2063 | F426: 50 | G426: 0.024236549
A427: Suède | B427: =VLOOKUP(C427,'Code ONU'!$C$1:$E$231,3,FALSE) -> Europe occidentale | C427: SWE | D427: 2018 | E427: 10120 | F427: 837 | G427: 0.08270751
A428: Suisse | B428: =VLOOKUP(C428,'Code ONU'!$C$1:$E$231,3,FALSE) -> Europe occidentale | C428: CHE | D428: 2018 | E428: 8486 | F428: 5695 | G428: 0.67110535
A429: Tchad | B429: =VLOOKUP(C429,'Code ONU'!$C$1:$E$231,3,FALSE) -> Afrique centrale | C429: TCD | D429: 2018 | E429: 15878 | F429: 2024 | G429: 0.12747197
A430: Thaïlande | B430: =VLOOKUP(C430,'Code ONU'!$C$1:$E$231,3,FALSE) -> Asie | C430: THA | D430: 2018 | E430: 71291 | F430: 588 | G430: 0.0082478854
... A444: Bénin | B444: =VLOOKUP(C444,'Code ONU'!$C$1:$E$231,3,FALSE) -> Afrique de l'Ouest | C444: BEN | D444: 2014 | E444: 10866 | F444: 3843 | G444: 0.353672
A445: Bosnie-Herzégovine | B445: =VLOOKUP(C445,'Code ONU'!$C$1:$E$231,3,FALSE) -> Europe centrale et orientale | C445: BIH | D445: 2014 | E445: 3588 | G445: 0
A446: Bulgarie | B446: =VLOOKUP(C446,'Code ONU'!$C$1:$E$231,3,FALSE) -> Europe centrale et orientale | C446: BGR | D446: 2014 | E446: 7245 | F446: 188 | G446: 0.02594893
A447: Burkina Faso | B447: =VLOOKUP(C447,'Code ONU'!$C$1:$E$231,3,FALSE) -> Afrique de l'Ouest | C447: BFA | D447: 2014 | E447: 17957 | F447: 3974 | G447: 0.22130645
A448: Burundi | B448: =VLOOKUP(C448,'Code ONU'!$C$1:$E$231,3,FALSE) -> Afrique de l'Est | C448: BDI | D448: 2014 | E448: 10619 | F448: 881 | G448: 0.082964498
A449: Cabo Verde | B449: =VLOOKUP(C449,'Code ONU'!$C$1:$E$231,3,FALSE) -> Afrique de l'Ouest | C449: CPV | D449: 2014 | E449: 512 | F449: 55 | G449: 0.10742188
A450: Cambodge | B450: =VLOOKUP(C450,'Code ONU'!$C$1:$E$231,3,FALSE) -> Asie | C450: KHM | D450: 2014 | E450: 15283 | F450: 412 | G450: 0.026958058
A451: Cameroun | B451: =VLOOKUP(C451,'Code ONU'!$C$1:$E$231,3,FALSE) -> Afrique centrale | C451: CMR | D451: 2014 | E451: 21702 | F451: 8659 | G451: 0.39899548
A452: Canada | B452: =VLOOKUP(C452,'Code ONU'!$C$1:$E$231,3,FALSE) -> Amériques | C452: CAN | D452: 2014 | E452: 35476 | F452: 10288 | G452: 0.28999887
A453: Centrafrique | B453: =VLOOKUP(C453,'Code ONU'!$C$1:$E$231,3,FALSE) -> Afrique centrale | C453: CAF | D453: 2014 | E453: 4656 | F453: 1367 | G453: 0.29359966
A454: Chypre | B454: =VLOOKUP(C454,'Code ONU'!$C$1:$E$231,3,FALSE) -> Moyen-Orient | C454: CYP | D454: 2014 | E454: 1193 | F454: 80 | G454: 0.067057837
A455: Colombie | B455: =VLOOKUP(C455,'Code ONU'!$C$1:$E$231,3,FALSE) -> Amériques | C455: COL | D455: 2014 | E455: 46364 | G455: 0
A456: Comores | B456: =VLOOKUP(C456,'Code ONU'!$C$1:$E$231,3,FALSE) -> Afrique australe et Océan Indien | C456: COM | D456: 2014 | E456: 704 | F456: 179 | G456: 0.25426136
A457: Congo | B457: =VLOOKUP(C457,'Code ONU'!$C$1:$E$231,3,FALSE) -> Afrique centrale | C457: COG | D457: 2014 | E457: 4916 | F457: 2859 | G457: 0.58157038
A458: Congo (République démocratique du) | B458: =VLOOKUP(C458,'Code ONU'!$C$1:$E$231,3,FALSE) -> Afrique centrale | C458: COD | D458: 2014 | E458: 77095 | F458: 35949 | G458: 0.46629483
A459: Costa Rica | B459: =VLOOKUP(C459,'Code ONU'!$C$1:$E$231,3,FALSE) -> Amériques | C459: CRI | D459: 2014 | E459: 4742 | G459: 0
A460: Côte d’Ivoire | B460: =VLOOKUP(C460,'Code ONU'!$C$1:$E$231,3,FALSE) -> Afrique de l'Ouest | C460: CIV | D460: 2014 | E460: 24174 | F460: 8194 | G460: 0.33895921
A461: Croatie | B461: =VLOOKUP(C461,'Code ONU'!$C$1:$E$231,3,FALSE) -> Europe centrale et orientale | C461: HRV | D461: 2014 | E461: 4233 | F461: 115 | G461: 0.027167494
A462: Danemark | B462: =VLOOKUP(C462,'Code ONU'!$C$1:$E$231,3,FALSE) -> Europe occidentale | C462: DNK | D462: 2014 | E462: 5628 | F462: 433 | G462: 0.076936745
A463: Djibouti | B463: =VLOOKUP(C463,'Code ONU'!$C$1:$E$231,3,FALSE) -> Afrique de l'Est | C463: DJI | D463: 2014 | E463: 994 | F463: 497 | G463: 0.5
A464: Dominique | B464: =VLOOKUP(C464,'Code ONU'!$C$1:$E$231,3,FALSE) -> Caraïbes | C464: DMA | D464: 2014 | E464: 70 | F464: 7 | G464: 0.1
...
